"DOI","PMID","Publication Date","Title","Authors","Author Affiliations","PLOS Total","PLOS views","PLOS PDF downloads","PLOS XML downloads","PMC Total","PMC views","PMC PDF Downloads","CrossRef","Scopus","PubMed Central","CiteULike","Mendeley","Twitter","Facebook","Wikipedia","Research Blogging","Nature Blogs","Science Seeker","DataCite","PMC Europe Citations","PMC Europe Database Citations","Web of Science","Reddit","Wordpress.com","Figshare","F1000Prime","Journal","Article Type","Funding Statement","Subject Areas","Submission Date","Acceptance Date","Editors","Article URL"
"10.1371/journal.pbio.1001779","","2014-01-28","Troubleshooting Public Data Archiving: Suggestions to Increase Participation","Dominique G. Roche, Robert Lanfear, Sandra A. Binning, Tonya M. Haff, Lisa E. Schwanz, Kristal E. Cain, Hanna Kokko, Michael D. Jennions, Loeske E. B. Kruuk","Division of Evolution, Ecology and Genetics, Research School of Biology, Australian National University, Canberra, Australian Capital Territory, Australia; Australian Research Council Centre of Excellence for Coral Reef Studies, Australian National University, Canberra, Australian Capital Territory, Australia; Institute of Evolutionary Biology, University of Edinburgh, Edinburgh, United Kingdom; University of California Davis, United States of America","0","0","0","0","0","0","0","0","0","0","0","0","0","0","0","0","0","0","0","0","0","0","0","0","0","0","PLOS Biology","Perspective","The Australian National University, The Australian Research Council, and The Natural Sciences and Engineering Research Council of Canada. The funders had no role in study design, data collection and analysis, decision to publish, or preparation of the manuscript.","Archives,Data management,Data reduction,Evolutionary biology,Evolutionary ecology,Publication ethics,Researchers,Science policy","","","Jonathan A. Eisen","http://dx.doi.org/10.1371/journal.pbio.1001779"
"10.1371/journal.pbio.1001687","24167445","2013-10-22","What Can Article-Level Metrics Do for You?","Martin Fenner","Article-Level Metrics Project, Public Library of Science, San Francisco, California, United States of America","5992","5432","518","42","38","25","13","0","1","0","1","0","56","12","0","0","0","0","0","1","0","0","0","0","32","0","PLOS Biology","Essay","The author received no specific funding for this work.","Article-level metrics,Citation analysis,Online encyclopedias,Probability distribution,Research assessment,Researchers,Scientists,Social research","","","","http://dx.doi.org/10.1371/journal.pbio.1001687"
"10.1371/journal.pbio.1001677","24115910","2013-10-08","Expert Failure: Re-evaluating Research Assessment","Jonathan A. Eisen, Catriona J. MacCallum, Cameron Neylon","University of California Davis, Davis, California, United States of America; Public Library of Science, Cambridge, United Kingdom","9593","8703","834","56","202","178","24","0","0","0","6","0","119","63","0","0","0","0","0","0","0","0","0","2","0","0","PLOS Biology","Editorial","","Article-level metrics,Government funding of science,Jobs,Research assessment,Research funding,Research validity,Researchers,Scientists","","","","http://dx.doi.org/10.1371/journal.pbio.1001677"
"10.1371/journal.pone.0068914","23874810","2013-07-17","Social Media Release Increases Dissemination of Original Articles in the Clinical Pain Sciences","Heidi G. Allen, Tasha R. Stanton, Flavia Di Pietro, G. Lorimer Moseley","Sansom Institute for Health Research, University of South Australia, Adelaide, Australia; Neuroscience Research Australia, Sydney, Australia; University of New South Wales, Sydney, Australia; Children’s Hospital of Eastern Ontario, Canada","3685","3425","232","28","312","243","69","0","1","0","0","0","46","16","0","0","0","0","0","0","0","1","0","0","31","0","PLOS ONE","Research Article","Tasha Stanton is supported by the Canadian Institutes of Health Research Postdoctoral Training Fellowship [ID 223354]; G. Lorimer Moseley is supported by the National Health & Medical Research Council Research Fellowship [ID 571090]. Flavia Di Pietro is supported by a Australian Government Postgraduate award. The funders had no role in study design, data collection and analysis, decision to publish, or preparation of the manuscript.","Altmetrics,Information retrieval,Linear regression analysis,Medicine and health sciences,Open access,Researchers,Social networks,Social research","2012-10-04","2013-06-03","Margaret Sampson","http://dx.doi.org/10.1371/journal.pone.0068914"
"10.1371/journal.pone.0064841","23724101","2013-05-28","Do Altmetrics Work? Twitter and Ten Other Social Web Services","Mike Thelwall, Stefanie Haustein, Vincent Larivière, Cassidy R. Sugimoto","School of Technology, University of Wolverhampton, Wolverhampton, United Kingdom; École de bibliothéconomie et des sciences de l’information, Université de Montréal, Montréal, Québec, Canada and Science-Metrix Inc., Montréal, Québec, Canada; École de bibliothéconomie et des sciences de l’information, Université de Montréal, Montréal, Québec, Canada and Observatoire des sciences et des technologies, Centre interuniversitaire de recherche sur la science et la technologie, Université du Québec à Montréal, Montréal, Québec, Canada; School of Information and Library Science, Indiana University Bloomington, Bloomington, Indiana, United States of America; Max Planck Society, Germany","7071","6503","529","39","435","350","85","13","4","2","9","0","104","25","1","0","0","0","0","0","0","2","0","0","0","0","PLOS ONE","Research Article","This research was part of the international Digging into Data program (funded by Arts and Humanities Research Council/Economic and Social Research Council/Joint Information Systems Committee (United Kingdom), Social Sciences and Humanities Research Council (Canada), and the National Science Foundation (United States; grant #1208804). The funders had no role in study design, data collection and analysis, decision to publish, or preparation of the manuscript.","Altmetrics,Data management,Data processing,Electronics,Information retrieval,Online encyclopedias,Social research,Statistical data","2013-02-18","2013-04-18","Lutz Bornmann","http://dx.doi.org/10.1371/journal.pone.0064841"
"10.1371/journal.pbio.1001535","23630451","2013-04-23","An Introduction to Social Media for Scientists","Holly M. Bik, Miriam C. Goldstein","UC Davis Genome Center, University of California Davis, Davis, California, United States of America; Scripps Institution of Oceanography, University of California San Diego, San Diego, California, United States of America; California Sea Grant, La Jolla, California, United States of America","70450","64660","5627","163","1143","986","157","4","8","4","22","0","1345","0","0","0","0","0","0","5","0","3","0","0","0","0","PLOS Biology","Perspective","Support for the authors to attend the Science Online conference and the Deep Sea News retreat was contributed by Science Online, Georgia Aquarium, and Coral Reef Alliance. HMB's travel was also supported by an Alfred P. Sloan Foundation grant to Jonathan Eisen, and MCG by the Scripps Center for Marine Biodiversity and Conservation (NSF IGERT Grant No. 0333444). MCG is currently supported by the National Sea Grant College Program Dean John A. Knauss Marine Policy Fellowship. HMB is supported by an Alfred P. Sloan Foundation grant to J. Eisen at UC Davis. The funders had no role in study design, data collection and analysis, decision to publish, or preparation of the manuscript.","Graduates,Internet,Population groupings,Professions,Researchers,Scientists,Social communication,Social research","","","","http://dx.doi.org/10.1371/journal.pbio.1001535"
"10.1371/journal.pone.0050109","23251358","2012-12-12","Research Blogging: Indexing and Registering the Change in Science 2.0","Sibele Fausto, Fabio A. Machado, Luiz Fernando J. Bento, Atila Iamarino, Tatiana R. Nahas, David S. Munger","Escola de Comunicações e Artes, Universidade de São Paulo, São Paulo, Brazil; Instituto de Biociências, Universidade de São Paulo, São Paulo, Brazil; Instituto de Biologia, Universidade Federal do Rio de Janeiro, Rio de Janeiro, Brazil; Instituto de Ciências Biomédicas, Universidade de São Paulo, São Paulo, Brazil; São Paulo, Brazil; New York, New York, United States of America; University of Maribor, Slovenia","7221","6778","405","38","286","206","80","6","5","2","2","0","171","79","0","0","0","0","0","0","0","4","0","0","9","0","PLOS ONE","Research Article","The authors have no support or funding to report.","Medicine and health sciences,Online encyclopedias,Open access,Research validity,Scientists,Scientometrics,Social research,Telecommunications","2012-01-28","2012-10-18","Matjaz Perc","http://dx.doi.org/10.1371/journal.pone.0050109"
"10.1371/journal.pone.0050943","23239995","2012-12-11","Identifying Audiences of E-Infrastructures - Tools for Measuring Impact","Daphne Duin, David King, Peter van den Besselaar","Department of Organization Sciences and Network Institute, VU-University Amsterdam, Amsterdam, The Netherlands; Department of Computing, The Open University, Milton Keynes, United Kingdom; The Centre for Research and Technology, Hellas, Greece","1686","1503","161","22","118","98","20","0","0","0","0","6","4","0","0","0","0","0","0","0","0","0","0","0","3","0","PLOS ONE","Research Article","The research underlying this paper was supported by the 7th Framework Programme, Research Infrastructures, project name: Virtual Biodiversity Research and Access Network for Taxonomy (ViBRANT), Grant Number 261532. The funders had no role in study design, data collection and analysis, decision to publish, or preparation of the manuscript.","Bayes theorem,Biodiversity,Data management,Data reduction,Education,Internet,Researchers,Social research","2012-02-29","2012-10-29","Christos A. Ouzounis","http://dx.doi.org/10.1371/journal.pone.0050943"
"10.1371/journal.pone.0047523","23133597","2012-11-01","How the Scientific Community Reacts to Newly Submitted Preprints: Article Downloads, Twitter Mentions, and Citations","Xin Shuai, Alberto Pepe, Johan Bollen","School of Informatics and Computing, Indiana University, Bloomington, Indiana, United States of America; Center for Astrophysics, Harvard University, Cambridge, Massachusetts, United States of America; The Centre for Research and Technology, Hellas, Greece","9138","8518","540","80","347","273","74","8","7","4","3","126","105","17","0","0","0","0","0","0","0","7","0","0","7","0","PLOS ONE","Research Article","One of the authors of this paper (XS) is partly funded by National Science Foundation grant SBE #0914939. The funders had no role in study design, data collection and analysis, decision to publish, or preparation of the manuscript. No additional external funding received for this study.","Distribution curves,Dynamic response,Linear regression analysis,Regression analysis,Scientists,Social research,Statistical distributions,Time measurement","2012-02-03","2012-09-12","Christos A. Ouzounis","http://dx.doi.org/10.1371/journal.pone.0047523"
"10.1371/journal.pone.0048753","23133655","2012-11-01","The Altmetrics Collection","Jason Priem, Paul Groth, Dario Taraborelli","School of Information & Library Science, University of North Carolina at Chapel Hill, Chapel Hill, North Carolina, United States of America; Department of Computer Science and The Network Institute, VU University Amsterdam, Amsterdam, The Netherlands; The Wikimedia Foundation, San Francisco, California, United States of America; The Centre for Research and Technology, Hellas, Greece","4476","4083","343","50","655","591","64","7","8","1","1","57","22","3","1","0","0","0","0","0","0","4","0","0","0","0","PLOS ONE","Overview","These authors have no support or funding to report.","Altmetrics,Communications,Encyclopedias,Research validity,Researchers,Scientists,Scientometrics,Social research","2012-10-01","2012-10-04","Christos A. Ouzounis","http://dx.doi.org/10.1371/journal.pone.0048753"
"10.1371/journal.pone.0035869","22606239","2012-05-11","Research Blogs and the Discussion of Scholarly Information","Hadas Shema, Judit Bar-Ilan, Mike Thelwall","Department of Information Science, Bar-Ilan University, Ramat-Gan, Israel; Statistical Cybermetrics Research Group, School of Technology, University of Wolverhampton, Wolverhampton, United Kingdom","19412","18256","1091","65","864","737","127","6","0","3","25","110","74","60","0","0","0","0","0","0","0","4","0","0","23","0","PLOS ONE","Research Article","This work was supported by a European Union grant by the 7th Framework Programme. It is part of the Academic Careers Understood through Measurement and Norms (ACUMEN) project (contract 266632) (http://research-acumen.eu/). The funders had no role in study design, data collection and analysis, decision to publish, or preparation of the manuscript.","Educational attainment,Engineering and technology,Evolutionary biology,Evolutionary ecology,Graduates,Mental health and psychiatry,Psychology,Scientists","2011-11-03","2012-03-27","Christos A. Ouzounis","http://dx.doi.org/10.1371/journal.pone.0035869"
